{"4_4_0_0_0_0": {"attack": 9.939187574576628, "flee_to_depot": 24.563125132345615, "use_hp_potion": 14.676125350249858, "use_mp_potion": 14.252815644447427, "loot": 49.505343161992705, "select_target": 16.45094118649313, "follow_route": 17.62066529043331, "go_to_depot": 26.47850208946723, "idle": 20.792002278358044, "use_strong_hp_potion": 23.668719169947114}, "1_4_0_0_0_0": {"attack": 0.0, "flee_to_depot": 0.0, "use_hp_potion": 0.0, "use_mp_potion": 0.0, "loot": 0.0, "select_target": 0.0, "follow_route": 0.0, "go_to_depot": 0.0, "idle": 0.0, "use_strong_hp_potion": 0.0}}