{"4_4_0_0_0_0": {"attack": 13.818155928175408, "flee_to_depot": 25.194209176029155, "use_hp_potion": 23.407009150890353, "use_mp_potion": 14.447446918700592, "loot": 49.4956142699784, "select_target": 16.059520244019954, "follow_route": 22.147146845160545, "go_to_depot": 20.53590145523192, "idle": 12.183118771118233, "use_strong_hp_potion": 19.063514117108216}, "1_4_0_0_0_0": {"attack": 0.0, "flee_to_depot": 0.0, "use_hp_potion": 0.0, "use_mp_potion": 0.0, "loot": 0.0, "select_target": 0.0, "follow_route": 0.0, "go_to_depot": 0.0, "idle": 0.0, "use_strong_hp_potion": 0.0}}